dataset,model,model_family,horizon,n_forecasts,rmse,mae,mase,directional_accuracy,mean_training_time_per_origin,mean_inference_time_per_origin,rmse_pct_difference_vs_naive,rmse_pct_difference_vs_arima,rmse_pct_difference_vs_chronos,mae_pct_difference_vs_naive,mae_pct_difference_vs_arima,mae_pct_difference_vs_chronos,mase_pct_difference_vs_naive,mase_pct_difference_vs_arima,mase_pct_difference_vs_chronos,arima_baseline
Airline,"Log ARIMA(0,1,1)(0,1,1)[12]",ARIMA/SARIMA,1,13,10.034463954950066,8.504595305596315,0.2927226005774429,0.9230769230769231,0.289663184622231,,-79.3160477129285,0.0,-27.56261215437218,-79.13967189193356,0.0,-19.81544633193173,-78.97828276312121,0.0,-19.502078923024722,"Log ARIMA(0,1,1)(0,1,1)[12]"
Airline,Chronos-2,Chronos-2,1,13,13.852603266609547,10.606276292067312,0.36363995077280326,0.9230769230769231,0.0,0.01782379230448539,-71.44575073420465,38.05025688269046,0.0,-73.98460532134432,24.71229859800641,0.0,-73.88539113106165,24.22681065809893,0.0,"Log ARIMA(0,1,1)(0,1,1)[12]"
Airline,Naive,Naive,1,13,48.513281290162816,40.76923076923077,1.3924771096431374,0.0,0.0,1.2969231018080161e-05,0.0,383.4665958038635,250.21057310649843,0.0,379.3788452509106,284.38778744358234,0.0,375.6985305870643,282.9274277163061,"Log ARIMA(0,1,1)(0,1,1)[12]"
Airline,PatchTST,PatchTST,1,13,87.73722289707807,67.89648907001202,2.3302340262686565,0.5384615384615384,0.821804538458729,0.0010535153828990461,80.85196582006671,774.3588425946433,533.3627059728242,66.53855809625593,698.3506166993485,540.1538787066431,67.34451217412445,696.055385430401,540.8080358927756,"Log ARIMA(0,1,1)(0,1,1)[12]"
Airline,"Log ARIMA(0,1,1)(0,1,1)[12]",ARIMA/SARIMA,3,13,18.079355057739193,13.364993361506537,0.455901512707991,1.0,0.289663184622231,,-81.35211126502932,0.0,-18.452178316890787,-82.59069001006164,0.0,-18.982519790084684,-82.71535379385348,0.0,-18.887410847045082,"Log ARIMA(0,1,1)(0,1,1)[12]"
Airline,Chronos-2,Chronos-2,3,13,22.17024892215352,16.49643179086538,0.562060116029945,1.0,0.0,0.01782379230448539,-77.13257282648769,22.62743251266115,0.0,-78.51166199586675,23.430153271739897,0.0,-78.69055052163029,23.28542467240058,0.0,"Log ARIMA(0,1,1)(0,1,1)[12]"
Airline,Naive,Naive,3,13,96.95121691623298,76.76923076923077,2.6376097449184104,0.0,0.0,1.2969231018080161e-05,0.0,436.2537358584109,337.3032402868284,0.0,474.40530416078815,365.36870362317046,0.0,478.54814502618746,369.27537992713326,"Log ARIMA(0,1,1)(0,1,1)[12]"
Airline,PatchTST,PatchTST,3,13,89.7498296745643,71.96363713191106,2.4858584287267687,0.46153846153846156,0.821804538458729,0.0010535153828990461,-7.427846158847872,396.42163333777364,304.8210283506659,-6.259791311137908,438.4487308402159,336.237593949012,-5.753365011029555,445.26215847829025,342.2762544130296,"Log ARIMA(0,1,1)(0,1,1)[12]"
Airline,"Log ARIMA(0,1,1)(0,1,1)[12]",ARIMA/SARIMA,12,13,21.253868437910487,18.913375958317822,0.6514390119612603,1.0,0.289663184622231,,-59.31654212357999,0.0,-19.57892246761017,-61.70188668876453,0.0,-17.267319143299588,-61.53601848638019,0.0,-17.39297871630213,"Log ARIMA(0,1,1)(0,1,1)[12]"
Airline,Chronos-2,Chronos-2,12,13,26.428231366771264,22.86082810621995,0.7886000509860037,1.0,0.0,0.01782379230448539,-49.41194631465288,24.34551123705686,0.0,-53.708603523230636,20.871219165746545,0.0,-53.43739440558849,21.055085204645387,0.0,"Log ARIMA(0,1,1)(0,1,1)[12]"
Airline,Naive,Naive,12,13,52.24204024758958,49.38461538461539,1.693633852570854,0.0,0.0,1.2969231018080161e-05,0.0,145.8001488068193,97.67512824666173,0.0,161.10946820626575,116.0228630177175,0.0,159.9834860168876,114.76461362807,"Log ARIMA(0,1,1)(0,1,1)[12]"
Airline,PatchTST,PatchTST,12,13,102.05587966195131,80.89342557466946,2.7651922103850817,0.46153846153846156,0.821804538458729,0.0010535153828990461,95.35201760551477,380.17554997147914,286.1623513341425,63.802886677679595,327.7048463106014,253.8516855067908,63.269776769497966,324.4744572573314,250.64570525042473,"Log ARIMA(0,1,1)(0,1,1)[12]"
Electricity-CISO,"Log weekly-difference ARIMA(2,0,2)",ARIMA/SARIMA,1,84,940.7677811350792,719.7194734626048,0.4102051231920589,0.6547619047619048,28.99204069285493,,-9.23765292116534,0.0,69.5788286580439,-9.018291064035877,0.0,67.31219726082742,-9.016711540540289,0.0,67.25431965543682,"Log weekly-difference ARIMA(2,0,2)"
Electricity-CISO,Chronos-2,Chronos-2,1,84,554.7672363229608,430.1655738467262,0.24525831323049158,0.7976190476190477,0.0,0.6386781202413009,-46.47778393265285,-41.030374610234965,0.0,-45.62159219382534,-40.231494393617126,0.0,-45.601830405997426,-40.21081177095365,0.0,"Log weekly-difference ARIMA(2,0,2)"
Electricity-CISO,Naive,Naive,1,84,1036.5176875802297,791.0595238095239,0.4508576576398839,0.0,0.0,1.3950006437620946e-05,0.0,10.177847112241011,86.83830257358875,0.0,9.912202320120468,83.89652075955966,0.0,9.910294179527202,83.8297147612574,"Log weekly-difference ARIMA(2,0,2)"
Electricity-CISO,PatchTST,PatchTST,1,84,2742.1475610886678,1911.0755440848213,1.0877095435250836,0.6071428571428571,1.9126566571468997,0.0011457904710411738,164.55386086949116,191.47974835831874,394.2879430414509,141.58429126566986,165.53061498955216,344.2651063392077,141.25342557536777,165.16234976807343,343.49548408696097,"Log weekly-difference ARIMA(2,0,2)"
Electricity-CISO,"Log weekly-difference ARIMA(2,0,2)",ARIMA/SARIMA,24,84,3102.451284602406,2409.2128044432793,1.3723774712960488,0.6071428571428571,28.99204069285493,,96.41491531577395,0.0,99.02266596797129,90.02241837862483,0.0,102.36183662490812,90.0838395409733,0.0,102.41113049892365,"Log weekly-difference ARIMA(2,0,2)"
Electricity-CISO,Chronos-2,Chronos-2,24,84,1558.8431948257005,1190.5470145089287,0.6780148245372043,0.6547619047619048,0.0,0.6386781202413009,-1.3102782235953958,-49.75446665150541,0.0,-6.097700264084505,-50.583567698410924,0.0,-6.090223856546217,-50.59560225096823,0.0,"Log weekly-difference ARIMA(2,0,2)"
Electricity-CISO,Naive,Naive,24,84,1579.5395576830972,1267.857142857143,0.7219853484705245,0.0,0.0,1.3950006437620946e-05,0.0,-49.08736954154873,1.3276744528310847,0.0,-47.37463039716331,6.493664458946435,0.0,-47.391635058779094,6.485186214524652,"Log weekly-difference ARIMA(2,0,2)"
Electricity-CISO,PatchTST,PatchTST,24,84,2859.0314711891783,2070.6043061755954,1.1787303398197229,0.6190476190476191,1.9126566571468997,0.0011457904710411738,81.00410700589656,-7.846047885468177,83.40725229318889,63.31526921948358,-14.054735955378984,73.92041481282187,63.262362915920754,-14.11034030553191,73.85023116925124,"Log weekly-difference ARIMA(2,0,2)"
Electricity-CISO,"Log weekly-difference ARIMA(2,0,2)",ARIMA/SARIMA,168,84,2859.5840540796353,2165.605001367442,1.2339556904076512,0.5238095238095238,28.99204069285493,,0.018634253989890937,0.0,16.581371777225186,0.018045126329258032,0.0,18.019577811091313,0.017747685731483998,0.0,18.010843983400026,"Log weekly-difference ARIMA(2,0,2)"
Electricity-CISO,Chronos-2,Chronos-2,168,84,2452.865333875125,1834.9540318080358,1.0456290699702353,0.6904761904761905,0.0,0.6386781202413009,-14.207018900828306,-14.223002804350637,0.0,-15.253005491661998,-15.268295434791723,0.0,-15.246985522957157,-15.262024552534792,0.0,"Log weekly-difference ARIMA(2,0,2)"
Electricity-CISO,Naive,Naive,168,84,2859.051291200332,2165.214285714286,1.2337367306899345,0.0,0.0,1.3950006437620946e-05,0.0,-0.018630782282591518,16.559651755667293,0.0,-0.018041870650908898,17.998284871519886,0.0,-0.01774453648690777,17.9899035061309,"Log weekly-difference ARIMA(2,0,2)"
Electricity-CISO,PatchTST,PatchTST,168,84,2854.2630961774294,2317.8462844122023,1.3202692332267414,0.6428571428571429,1.9126566571468997,0.0011457904710411738,-0.16747496058009403,-0.18607454096740694,16.364443524837192,7.049279127010966,7.029965434538132,26.31631333719886,7.013854770167693,6.994865657661942,26.265543981511907,"Log weekly-difference ARIMA(2,0,2)"
SPY,"ARIMA(0,1,2)+drift",ARIMA/SARIMA,1,380,4.373009479246446,3.143754192074618,3.250326449745297,0.49736842105263157,2.1587474636785613,,0.3436640161324167,0.0,-40.41077755984433,0.5234718240164415,0.0,-46.20390533110454,0.5760860105109122,0.0,-45.59620504907181,"ARIMA(0,1,2)+drift"
SPY,Chronos-2,Chronos-2,1,380,7.338591275692809,5.843833481638055,5.974448019071219,0.46578947368421053,0.0,0.5605374439481622,68.39230301571004,67.81558124949207,0.0,86.86016604498694,85.88709945485935,0.0,84.86961452087999,83.81070675345212,0.0,"ARIMA(0,1,2)+drift"
SPY,Naive,Naive,1,380,4.358032489767754,3.127383222078022,3.2317090261452557,0.002631578947368421,0.0,2.5391049290958205e-05,0.0,-0.3424870115139256,-40.614862906964,0.0,-0.5207458661324993,-46.484046270233534,0.0,-0.5727862689453911,-45.90782251633594,"ARIMA(0,1,2)+drift"
SPY,PatchTST,PatchTST,1,380,37.37554821558554,31.944188087864926,32.40558415534922,0.45526315789473687,7.990199388423934,0.001302306314219524,757.6243592341216,754.6871071961652,409.3014014744547,921.4350407187796,916.1159599690077,446.63070377068334,902.7383001743266,896.9947528774716,442.4029810269728,"ARIMA(0,1,2)+drift"
SPY,"ARIMA(0,1,2)+drift",ARIMA/SARIMA,5,380,10.079375006854594,7.208609858795971,7.34745617212971,0.6342105263157894,2.1587474636785613,,-1.0524061781754135,0.0,-13.134337042092847,-2.6628899306583853,0.0,-19.243580178074094,-2.7276999556300585,0.0,-19.39957332830925,"ARIMA(0,1,2)+drift"
SPY,Chronos-2,Chronos-2,5,380,11.60340537749513,8.926361365067333,9.11590232897657,0.4131578947368421,0.0,0.5605374439481622,13.908753415917662,15.120286422561936,0.0,20.531730212876464,23.82916456735906,0.0,20.684596919801223,24.068822125879574,0.0,"ARIMA(0,1,2)+drift"
SPY,Naive,Naive,5,380,10.186579195654392,7.405818658126029,7.553492791656237,0.0,0.0,2.5391049290958205e-05,0.0,1.0635995657160668,-12.210434228116174,0.0,2.7357396667739398,-17.034294767539183,0.0,2.8041898406697907,-17.139384352045195,"ARIMA(0,1,2)+drift"
SPY,PatchTST,PatchTST,5,380,38.51698195995799,32.91617098356548,33.39915182698858,0.42894736842105263,7.990199388423934,0.001302306314219524,278.1149807031332,282.1366099957991,231.94549967772295,344.4636373515335,356.6230053829456,268.7523912305469,342.16831535050983,354.56755432822956,266.3833882996227,"ARIMA(0,1,2)+drift"
SPY,"ARIMA(0,1,2)+drift",ARIMA/SARIMA,20,380,19.699481443502528,14.7514987760316,15.148208392291249,0.7026315789473684,2.1587474636785613,,-3.271007078145316,0.0,-5.977252185909787,-6.311568228782094,0.0,-10.699945497783958,-6.3411495796947275,0.0,-10.364254654678607,"ARIMA(0,1,2)+drift"
SPY,Chronos-2,Chronos-2,20,380,20.95182485248572,16.519025501451996,16.899740537586684,0.4421052631578947,0.0,0.5605374439481622,2.8782876172854355,6.357240481557214,0.0,4.914193270613243,11.982014521075612,0.0,4.488282056990633,11.562635659189713,0.0,"ARIMA(0,1,2)+drift"
SPY,Naive,Naive,20,380,20.36564306982636,15.74527238544665,16.1738141396268,0.0,0.0,2.5391049290958205e-05,0.0,3.381620111343331,-2.7977600365908906,0.0,6.736763663836953,-4.68401187429206,0.0,6.7704755623607005,-4.295488420933758,"ARIMA(0,1,2)+drift"
SPY,PatchTST,PatchTST,20,380,41.89237976387586,35.832579241300884,36.455032095977415,0.3868421052631579,7.990199388423934,0.001302306314219524,105.70123722704055,112.65727163439223,99.94621021712938,127.57675043094791,142.90805826132095,116.91702841763431,125.395393945207,140.65573401095386,115.7135608969726,"ARIMA(0,1,2)+drift"
