origin,initial_converged,initial_iterations,initial_warnflag,initial_objective_value,initial_optimizer_message,initial_optimizer_status,initial_parameters,retry_attempted,retry_accepted,retry_count,retry_parameter,retry_parameter_offset,retry_converged,retry_iterations,retry_warnflag,retry_objective_value,retry_optimizer_message,retry_optimizer_status,retry_history,converged,iterations,warnflag,objective_value,optimizer_message,optimizer_status,parameters,forecast_is_finite,parameters_are_finite
2024-12-31 23:00:00+00:00,True,29,0,-1.4018001894738215,,,"{'const': -2.0652853656274163e-05, 'ar.L1': 0.25724021246578216, 'ar.L2': 0.3636651676997314, 'ma.L1': 0.6678373987317036, 'ma.L2': 0.468227432757177, 'sigma2': 0.003546914216508839}",False,False,0,,,,,,,,,[],True,29,0,-1.4018001894738215,,,"{'const': -2.0652853656274163e-05, 'ar.L1': 0.25724021246578216, 'ar.L2': 0.3636651676997314, 'ma.L1': 0.6678373987317036, 'ma.L2': 0.468227432757177, 'sigma2': 0.003546914216508839}",True,True
2025-01-07 23:00:00+00:00,True,31,0,-1.4031171209880735,,,"{'const': 5.63815748174184e-06, 'ar.L1': 0.25730932924319894, 'ar.L2': 0.3635878525005727, 'ma.L1': 0.667773992329162, 'ma.L2': 0.46805113823681727, 'sigma2': 0.003537600889294132}",False,False,0,,,,,,,,,[],True,31,0,-1.4031171209880735,,,"{'const': 5.63815748174184e-06, 'ar.L1': 0.25730932924319894, 'ar.L2': 0.3635878525005727, 'ma.L1': 0.667773992329162, 'ma.L2': 0.46805113823681727, 'sigma2': 0.003537600889294132}",True,True
2025-01-14 23:00:00+00:00,True,36,0,-1.4044421069095931,,,"{'const': -2.1950526010466604e-06, 'ar.L1': 0.2572748180464486, 'ar.L2': 0.36368033534774186, 'ma.L1': 0.6678179084027975, 'ma.L2': 0.46781370432372205, 'sigma2': 0.003528242143736397}",False,False,0,,,,,,,,,[],True,36,0,-1.4044421069095931,,,"{'const': -2.1950526010466604e-06, 'ar.L1': 0.2572748180464486, 'ar.L2': 0.36368033534774186, 'ma.L1': 0.6678179084027975, 'ma.L2': 0.46781370432372205, 'sigma2': 0.003528242143736397}",True,True
2025-01-21 23:00:00+00:00,True,43,0,-1.4058625999054337,,,"{'const': 5.9186624938654034e-05, 'ar.L1': 0.2572919417752132, 'ar.L2': 0.3637179997236135, 'ma.L1': 0.6678081347413967, 'ma.L2': 0.46766445025827913, 'sigma2': 0.0035181988988987984}",False,False,0,,,,,,,,,[],True,43,0,-1.4058625999054337,,,"{'const': 5.9186624938654034e-05, 'ar.L1': 0.2572919417752132, 'ar.L2': 0.3637179997236135, 'ma.L1': 0.6678081347413967, 'ma.L2': 0.46766445025827913, 'sigma2': 0.0035181988988987984}",True,True
2025-01-28 23:00:00+00:00,True,36,0,-1.4072317512371564,,,"{'const': 6.831633198968219e-05, 'ar.L1': 0.2574229291518938, 'ar.L2': 0.3636548656721963, 'ma.L1': 0.6676439822666193, 'ma.L2': 0.4674882758355941, 'sigma2': 0.003508668099898904}",False,False,0,,,,,,,,,[],True,36,0,-1.4072317512371564,,,"{'const': 6.831633198968219e-05, 'ar.L1': 0.2574229291518938, 'ar.L2': 0.3636548656721963, 'ma.L1': 0.6676439822666193, 'ma.L2': 0.4674882758355941, 'sigma2': 0.003508668099898904}",True,True
2025-02-04 23:00:00+00:00,True,38,0,-1.4085437546183135,,,"{'const': 0.0001036632931772436, 'ar.L1': 0.2575386094170732, 'ar.L2': 0.3636443804299855, 'ma.L1': 0.6676315435099311, 'ma.L2': 0.46731328134795214, 'sigma2': 0.0034993847478201486}",False,False,0,,,,,,,,,[],True,38,0,-1.4085437546183135,,,"{'const': 0.0001036632931772436, 'ar.L1': 0.2575386094170732, 'ar.L2': 0.3636443804299855, 'ma.L1': 0.6676315435099311, 'ma.L2': 0.46731328134795214, 'sigma2': 0.0034993847478201486}",True,True
2025-02-11 23:00:00+00:00,True,44,0,-1.409834261010243,,,"{'const': 1.4865258715552261e-05, 'ar.L1': 0.2577407113626128, 'ar.L2': 0.3635465198205283, 'ma.L1': 0.6675893369628703, 'ma.L2': 0.46722224574384935, 'sigma2': 0.003490366819976383}",False,False,0,,,,,,,,,[],True,44,0,-1.409834261010243,,,"{'const': 1.4865258715552261e-05, 'ar.L1': 0.2577407113626128, 'ar.L2': 0.3635465198205283, 'ma.L1': 0.6675893369628703, 'ma.L2': 0.46722224574384935, 'sigma2': 0.003490366819976383}",True,True
2025-02-18 23:00:00+00:00,True,45,0,-1.4111359958968368,,,"{'const': 1.3430009308167188e-05, 'ar.L1': 0.257696603057897, 'ar.L2': 0.363794398341352, 'ma.L1': 0.667577845351956, 'ma.L2': 0.46682139424668706, 'sigma2': 0.003481288705394204}",False,False,0,,,,,,,,,[],True,45,0,-1.4111359958968368,,,"{'const': 1.3430009308167188e-05, 'ar.L1': 0.257696603057897, 'ar.L2': 0.363794398341352, 'ma.L1': 0.667577845351956, 'ma.L2': 0.46682139424668706, 'sigma2': 0.003481288705394204}",True,True
2025-02-25 23:00:00+00:00,True,35,0,-1.4123764357206514,,,"{'const': -0.00015744801456450027, 'ar.L1': 0.257894066764006, 'ar.L2': 0.3640870220877332, 'ma.L1': 0.6675057661501669, 'ma.L2': 0.46649064257031053, 'sigma2': 0.0034726558717715636}",False,False,0,,,,,,,,,[],True,35,0,-1.4123764357206514,,,"{'const': -0.00015744801456450027, 'ar.L1': 0.257894066764006, 'ar.L2': 0.3640870220877332, 'ma.L1': 0.6675057661501669, 'ma.L2': 0.46649064257031053, 'sigma2': 0.0034726558717715636}",True,True
2025-03-04 23:00:00+00:00,True,39,0,-1.4137094158048855,,,"{'const': -0.00015907047553484268, 'ar.L1': 0.25804538770889884, 'ar.L2': 0.3639833295196936, 'ma.L1': 0.6673705427989534, 'ma.L2': 0.4664413537720191, 'sigma2': 0.0034634093160991843}",False,False,0,,,,,,,,,[],True,39,0,-1.4137094158048855,,,"{'const': -0.00015907047553484268, 'ar.L1': 0.25804538770889884, 'ar.L2': 0.3639833295196936, 'ma.L1': 0.6673705427989534, 'ma.L2': 0.4664413537720191, 'sigma2': 0.0034634093160991843}",True,True
2025-03-11 23:00:00+00:00,True,37,0,-1.4148501553924764,,,"{'const': -0.00013458365344578226, 'ar.L1': 0.2583178732351554, 'ar.L2': 0.3639314312967852, 'ma.L1': 0.6672825726991347, 'ma.L2': 0.4664010037096541, 'sigma2': 0.003455661818434516}",False,False,0,,,,,,,,,[],True,37,0,-1.4148501553924764,,,"{'const': -0.00013458365344578226, 'ar.L1': 0.2583178732351554, 'ar.L2': 0.3639314312967852, 'ma.L1': 0.6672825726991347, 'ma.L2': 0.4664010037096541, 'sigma2': 0.003455661818434516}",True,True
2025-03-18 23:00:00+00:00,True,38,0,-1.415999423131182,,,"{'const': -6.892501414147985e-05, 'ar.L1': 0.258625946008505, 'ar.L2': 0.3639773822577078, 'ma.L1': 0.6670486374278658, 'ma.L2': 0.46594136496882776, 'sigma2': 0.0034476152020923}",False,False,0,,,,,,,,,[],True,38,0,-1.415999423131182,,,"{'const': -6.892501414147985e-05, 'ar.L1': 0.258625946008505, 'ar.L2': 0.3639773822577078, 'ma.L1': 0.6670486374278658, 'ma.L2': 0.46594136496882776, 'sigma2': 0.0034476152020923}",True,True
2025-03-25 23:00:00+00:00,True,40,0,-1.4171028348918588,,,"{'const': -0.0002479105573246321, 'ar.L1': 0.2590030922418599, 'ar.L2': 0.364161466531779, 'ma.L1': 0.6668453397237711, 'ma.L2': 0.46552755092501696, 'sigma2': 0.0034400098987862724}",False,False,0,,,,,,,,,[],True,40,0,-1.4171028348918588,,,"{'const': -0.0002479105573246321, 'ar.L1': 0.2590030922418599, 'ar.L2': 0.364161466531779, 'ma.L1': 0.6668453397237711, 'ma.L2': 0.46552755092501696, 'sigma2': 0.0034400098987862724}",True,True
2025-04-01 23:00:00+00:00,True,41,0,-1.4178566847351932,,,"{'const': -0.0001409873067520705, 'ar.L1': 0.259601931241292, 'ar.L2': 0.3641392997631747, 'ma.L1': 0.6660081568539871, 'ma.L2': 0.46443938775285376, 'sigma2': 0.003434815814097729}",False,False,0,,,,,,,,,[],True,41,0,-1.4178566847351932,,,"{'const': -0.0001409873067520705, 'ar.L1': 0.259601931241292, 'ar.L2': 0.3641392997631747, 'ma.L1': 0.6660081568539871, 'ma.L2': 0.46443938775285376, 'sigma2': 0.003434815814097729}",True,True
2025-04-08 23:00:00+00:00,True,39,0,-1.4186172532278842,,,"{'const': -0.00019335414336299565, 'ar.L1': 0.25997028814654555, 'ar.L2': 0.3641787012469937, 'ma.L1': 0.6650901788177324, 'ma.L2': 0.46305440766044687, 'sigma2': 0.003429567206429453}",False,False,0,,,,,,,,,[],True,39,0,-1.4186172532278842,,,"{'const': -0.00019335414336299565, 'ar.L1': 0.25997028814654555, 'ar.L2': 0.3641787012469937, 'ma.L1': 0.6650901788177324, 'ma.L2': 0.46305440766044687, 'sigma2': 0.003429567206429453}",True,True
2025-04-15 23:00:00+00:00,True,45,0,-1.4197410972140245,,,"{'const': -4.694100849730858e-05, 'ar.L1': 0.2601272551312416, 'ar.L2': 0.3644378623210353, 'ma.L1': 0.6648763381312776, 'ma.L2': 0.46234465277415393, 'sigma2': 0.003421885657614703}",False,False,0,,,,,,,,,[],True,45,0,-1.4197410972140245,,,"{'const': -4.694100849730858e-05, 'ar.L1': 0.2601272551312416, 'ar.L2': 0.3644378623210353, 'ma.L1': 0.6648763381312776, 'ma.L2': 0.46234465277415393, 'sigma2': 0.003421885657614703}",True,True
2025-04-22 23:00:00+00:00,True,53,0,-1.4208785819996557,,,"{'const': -0.00012206271375431421, 'ar.L1': 0.26024421503942846, 'ar.L2': 0.3646061605511406, 'ma.L1': 0.6648019545928998, 'ma.L2': 0.46193477854490556, 'sigma2': 0.003414109385864906}",False,False,0,,,,,,,,,[],True,53,0,-1.4208785819996557,,,"{'const': -0.00012206271375431421, 'ar.L1': 0.26024421503942846, 'ar.L2': 0.3646061605511406, 'ma.L1': 0.6648019545928998, 'ma.L2': 0.46193477854490556, 'sigma2': 0.003414109385864906}",True,True
2025-04-29 23:00:00+00:00,True,42,0,-1.4220262782606854,,,"{'const': -5.930193370906822e-05, 'ar.L1': 0.2603939255222121, 'ar.L2': 0.3646322321263396, 'ma.L1': 0.6647753126609339, 'ma.L2': 0.46169203141709875, 'sigma2': 0.003406241258140247}",False,False,0,,,,,,,,,[],True,42,0,-1.4220262782606854,,,"{'const': -5.930193370906822e-05, 'ar.L1': 0.2603939255222121, 'ar.L2': 0.3646322321263396, 'ma.L1': 0.6647753126609339, 'ma.L2': 0.46169203141709875, 'sigma2': 0.003406241258140247}",True,True
2025-05-06 23:00:00+00:00,True,39,0,-1.4231998909759518,,,"{'const': -2.9921935535610474e-05, 'ar.L1': 0.2604282023195823, 'ar.L2': 0.3646738172881337, 'ma.L1': 0.6647798873221522, 'ma.L2': 0.4614484346571455, 'sigma2': 0.00339828886685229}",False,False,0,,,,,,,,,[],True,39,0,-1.4231998909759518,,,"{'const': -2.9921935535610474e-05, 'ar.L1': 0.2604282023195823, 'ar.L2': 0.3646738172881337, 'ma.L1': 0.6647798873221522, 'ma.L2': 0.4614484346571455, 'sigma2': 0.00339828886685229}",True,True
2025-05-13 23:00:00+00:00,True,50,0,-1.424203480096546,,,"{'const': 0.00013574463605602584, 'ar.L1': 0.2610590824498531, 'ar.L2': 0.3650587580006142, 'ma.L1': 0.6646449727825844, 'ma.L2': 0.46127065919628407, 'sigma2': 0.0033916363052188593}",False,False,0,,,,,,,,,[],True,50,0,-1.424203480096546,,,"{'const': 0.00013574463605602584, 'ar.L1': 0.2610590824498531, 'ar.L2': 0.3650587580006142, 'ma.L1': 0.6646449727825844, 'ma.L2': 0.46127065919628407, 'sigma2': 0.0033916363052188593}",True,True
2025-05-20 23:00:00+00:00,True,41,0,-1.4253132226191105,,,"{'const': 4.181676330895923e-05, 'ar.L1': 0.2612517106416641, 'ar.L2': 0.3652368545951505, 'ma.L1': 0.6646591384220214, 'ma.L2': 0.4609696385839435, 'sigma2': 0.0033839482386532026}",False,False,0,,,,,,,,,[],True,41,0,-1.4253132226191105,,,"{'const': 4.181676330895923e-05, 'ar.L1': 0.2612517106416641, 'ar.L2': 0.3652368545951505, 'ma.L1': 0.6646591384220214, 'ma.L2': 0.4609696385839435, 'sigma2': 0.0033839482386532026}",True,True
2025-05-27 23:00:00+00:00,True,35,0,-1.4265037338793936,,,"{'const': 0.00011071173589519372, 'ar.L1': 0.26150448118053177, 'ar.L2': 0.36570086243656263, 'ma.L1': 0.6645952500821593, 'ma.L2': 0.46056531422363656, 'sigma2': 0.003375931560313858}",False,False,0,,,,,,,,,[],True,35,0,-1.4265037338793936,,,"{'const': 0.00011071173589519372, 'ar.L1': 0.26150448118053177, 'ar.L2': 0.36570086243656263, 'ma.L1': 0.6645952500821593, 'ma.L2': 0.46056531422363656, 'sigma2': 0.003375931560313858}",True,True
2025-06-03 23:00:00+00:00,True,40,0,-1.4273968770979795,,,"{'const': 0.0004221321555976107, 'ar.L1': 0.26230458539356044, 'ar.L2': 0.36689753680894915, 'ma.L1': 0.6645031792374039, 'ma.L2': 0.4598169779238499, 'sigma2': 0.0033699861575479336}",False,False,0,,,,,,,,,[],True,40,0,-1.4273968770979795,,,"{'const': 0.0004221321555976107, 'ar.L1': 0.26230458539356044, 'ar.L2': 0.36689753680894915, 'ma.L1': 0.6645031792374039, 'ma.L2': 0.4598169779238499, 'sigma2': 0.0033699861575479336}",True,True
2025-06-10 23:00:00+00:00,True,31,0,-1.4285873636613489,,,"{'const': 0.00035714333128331006, 'ar.L1': 0.2626361398798909, 'ar.L2': 0.3669845570837483, 'ma.L1': 0.6643737538427683, 'ma.L2': 0.4596636247299266, 'sigma2': 0.0033618696450337542}",False,False,0,,,,,,,,,[],True,31,0,-1.4285873636613489,,,"{'const': 0.00035714333128331006, 'ar.L1': 0.2626361398798909, 'ar.L2': 0.3669845570837483, 'ma.L1': 0.6643737538427683, 'ma.L2': 0.4596636247299266, 'sigma2': 0.0033618696450337542}",True,True
2025-06-17 23:00:00+00:00,True,36,0,-1.4299070057881755,,,"{'const': 0.00039125911644690987, 'ar.L1': 0.2627025938611409, 'ar.L2': 0.36707052751723157, 'ma.L1': 0.6642866505842517, 'ma.L2': 0.45942150139215754, 'sigma2': 0.003353014604040142}",False,False,0,,,,,,,,,[],True,36,0,-1.4299070057881755,,,"{'const': 0.00039125911644690987, 'ar.L1': 0.2627025938611409, 'ar.L2': 0.36707052751723157, 'ma.L1': 0.6642866505842517, 'ma.L2': 0.45942150139215754, 'sigma2': 0.003353014604040142}",True,True
2025-06-24 23:00:00+00:00,True,40,0,-1.4311398902017727,,,"{'const': 0.00031608998579902463, 'ar.L1': 0.2629792418549519, 'ar.L2': 0.3672675668040236, 'ma.L1': 0.6642427707922167, 'ma.L2': 0.45926519363890844, 'sigma2': 0.0033447450706004496}",False,False,0,,,,,,,,,[],True,40,0,-1.4311398902017727,,,"{'const': 0.00031608998579902463, 'ar.L1': 0.2629792418549519, 'ar.L2': 0.3672675668040236, 'ma.L1': 0.6642427707922167, 'ma.L2': 0.45926519363890844, 'sigma2': 0.0033447450706004496}",True,True
2025-07-01 23:00:00+00:00,True,41,0,-1.4322306157298204,,,"{'const': 0.0005204177584886014, 'ar.L1': 0.26358758266374555, 'ar.L2': 0.3680870598522819, 'ma.L1': 0.6641843502629581, 'ma.L2': 0.45880220918499215, 'sigma2': 0.0033374972390482643}",False,False,0,,,,,,,,,[],True,41,0,-1.4322306157298204,,,"{'const': 0.0005204177584886014, 'ar.L1': 0.26358758266374555, 'ar.L2': 0.3680870598522819, 'ma.L1': 0.6641843502629581, 'ma.L2': 0.45880220918499215, 'sigma2': 0.0033374972390482643}",True,True
2025-07-08 23:00:00+00:00,True,45,0,-1.4335158964403978,,,"{'const': 0.0004602793507890676, 'ar.L1': 0.2637965372786092, 'ar.L2': 0.3682872191881256, 'ma.L1': 0.6641428368522554, 'ma.L2': 0.4586585232236891, 'sigma2': 0.00332891136871014}",False,False,0,,,,,,,,,[],True,45,0,-1.4335158964403978,,,"{'const': 0.0004602793507890676, 'ar.L1': 0.2637965372786092, 'ar.L2': 0.3682872191881256, 'ma.L1': 0.6641428368522554, 'ma.L2': 0.4586585232236891, 'sigma2': 0.00332891136871014}",True,True
2025-07-15 23:00:00+00:00,True,42,0,-1.4347119671252733,,,"{'const': 0.0007202972434239888, 'ar.L1': 0.26419903454619964, 'ar.L2': 0.36880406802801996, 'ma.L1': 0.6640153047903408, 'ma.L2': 0.45829752545459373, 'sigma2': 0.003320992738082001}",False,False,0,,,,,,,,,[],True,42,0,-1.4347119671252733,,,"{'const': 0.0007202972434239888, 'ar.L1': 0.26419903454619964, 'ar.L2': 0.36880406802801996, 'ma.L1': 0.6640153047903408, 'ma.L2': 0.45829752545459373, 'sigma2': 0.003320992738082001}",True,True
2025-07-22 23:00:00+00:00,True,44,0,-1.4359295703589394,,,"{'const': 0.0005433647302268338, 'ar.L1': 0.2643428291770187, 'ar.L2': 0.3689200792623224, 'ma.L1': 0.6640602385715026, 'ma.L2': 0.45821217961563476, 'sigma2': 0.003312911156778975}",False,False,0,,,,,,,,,[],True,44,0,-1.4359295703589394,,,"{'const': 0.0005433647302268338, 'ar.L1': 0.2643428291770187, 'ar.L2': 0.3689200792623224, 'ma.L1': 0.6640602385715026, 'ma.L2': 0.45821217961563476, 'sigma2': 0.003312911156778975}",True,True
2025-07-29 23:00:00+00:00,True,37,0,-1.4371851887184153,,,"{'const': 0.0004044083395107882, 'ar.L1': 0.26454665520267295, 'ar.L2': 0.3690531172162027, 'ma.L1': 0.6639119431864577, 'ma.L2': 0.45781816358249844, 'sigma2': 0.003304560465803301}",False,False,0,,,,,,,,,[],True,37,0,-1.4371851887184153,,,"{'const': 0.0004044083395107882, 'ar.L1': 0.26454665520267295, 'ar.L2': 0.3690531172162027, 'ma.L1': 0.6639119431864577, 'ma.L2': 0.45781816358249844, 'sigma2': 0.003304560465803301}",True,True
2025-08-05 23:00:00+00:00,True,44,0,-1.4331618979371898,,,"{'const': 0.0005341431218228521, 'ar.L1': 0.2638849735113912, 'ar.L2': 0.3710952233182072, 'ma.L1': 0.6591944312401601, 'ma.L2': 0.4485783306890609, 'sigma2': 0.003331456935817034}",False,False,0,,,,,,,,,[],True,44,0,-1.4331618979371898,,,"{'const': 0.0005341431218228521, 'ar.L1': 0.2638849735113912, 'ar.L2': 0.3710952233182072, 'ma.L1': 0.6591944312401601, 'ma.L2': 0.4485783306890609, 'sigma2': 0.003331456935817034}",True,True
2025-08-12 23:00:00+00:00,True,31,0,-1.4292934269539932,,,"{'const': 0.0008640106916681245, 'ar.L1': 0.2629284874968747, 'ar.L2': 0.3745501972735191, 'ma.L1': 0.655237968565521, 'ma.L2': 0.43861201806751393, 'sigma2': 0.0033571532115024938}",False,False,0,,,,,,,,,[],True,31,0,-1.4292934269539932,,,"{'const': 0.0008640106916681245, 'ar.L1': 0.2629284874968747, 'ar.L2': 0.3745501972735191, 'ma.L1': 0.655237968565521, 'ma.L2': 0.43861201806751393, 'sigma2': 0.0033571532115024938}",True,True
2025-08-19 23:00:00+00:00,True,37,0,-1.430517086975635,,,"{'const': 0.0006330885990868309, 'ar.L1': 0.26323089293395374, 'ar.L2': 0.3749884887261651, 'ma.L1': 0.655143485723847, 'ma.L2': 0.43826586459356814, 'sigma2': 0.003348969477627043}",False,False,0,,,,,,,,,[],True,37,0,-1.430517086975635,,,"{'const': 0.0006330885990868309, 'ar.L1': 0.26323089293395374, 'ar.L2': 0.3749884887261651, 'ma.L1': 0.655143485723847, 'ma.L2': 0.43826586459356814, 'sigma2': 0.003348969477627043}",True,True
2025-08-26 23:00:00+00:00,True,34,0,-1.4316068313955752,,,"{'const': 0.0009749555947169893, 'ar.L1': 0.2637932682726371, 'ar.L2': 0.3758501441233755, 'ma.L1': 0.6550610288328429, 'ma.L2': 0.43772939868858035, 'sigma2': 0.0033416303486996546}",False,False,0,,,,,,,,,[],True,34,0,-1.4316068313955752,,,"{'const': 0.0009749555947169893, 'ar.L1': 0.2637932682726371, 'ar.L2': 0.3758501441233755, 'ma.L1': 0.6550610288328429, 'ma.L2': 0.43772939868858035, 'sigma2': 0.0033416303486996546}",True,True
2025-09-02 23:00:00+00:00,True,35,0,-1.4328012220490556,,,"{'const': 0.0008728059476486623, 'ar.L1': 0.26402016604293765, 'ar.L2': 0.37600683914016536, 'ma.L1': 0.6550006135436977, 'ma.L2': 0.43752362042033976, 'sigma2': 0.0033336657703968114}",False,False,0,,,,,,,,,[],True,35,0,-1.4328012220490556,,,"{'const': 0.0008728059476486623, 'ar.L1': 0.26402016604293765, 'ar.L2': 0.37600683914016536, 'ma.L1': 0.6550006135436977, 'ma.L2': 0.43752362042033976, 'sigma2': 0.0033336657703968114}",True,True
2025-09-09 23:00:00+00:00,True,38,0,-1.4340077099732935,,,"{'const': 0.0007976455627621031, 'ar.L1': 0.2640651202632871, 'ar.L2': 0.3763429104530675, 'ma.L1': 0.6551297529262489, 'ma.L2': 0.4373470279726179, 'sigma2': 0.0033257012646652605}",False,False,0,,,,,,,,,[],True,38,0,-1.4340077099732935,,,"{'const': 0.0007976455627621031, 'ar.L1': 0.2640651202632871, 'ar.L2': 0.3763429104530675, 'ma.L1': 0.6551297529262489, 'ma.L2': 0.4373470279726179, 'sigma2': 0.0033257012646652605}",True,True
2025-09-16 23:00:00+00:00,False,42,2,-1.4350733757525427,,,"{'const': 0.0005516654158947745, 'ar.L1': 0.2646633853073, 'ar.L2': 0.37698109676395447, 'ma.L1': 0.6549660108538066, 'ma.L2': 0.4368726121702378, 'sigma2': 0.0033186083947509873}",True,False,2,const,5e-07,True,1.0,0.0,-1.4350733757341063,,,"[{'attempt': 1, 'parameter': 'const', 'parameter_offset': 1e-06, 'converged': True, 'iterations': 1.0, 'warnflag': 0.0, 'objective_value': -1.4350733757134588}, {'attempt': 2, 'parameter': 'const', 'parameter_offset': 5e-07, 'converged': True, 'iterations': 1.0, 'warnflag': 0.0, 'objective_value': -1.4350733757341063}]",False,42,2,-1.4350733757525427,,,"{'const': 0.0005516654158947745, 'ar.L1': 0.2646633853073, 'ar.L2': 0.37698109676395447, 'ma.L1': 0.6549660108538066, 'ma.L2': 0.4368726121702378, 'sigma2': 0.0033186083947509873}",True,True
2025-09-23 23:00:00+00:00,True,38,0,-1.436265564317895,,,"{'const': 0.00069392270176457, 'ar.L1': 0.2648996975451707, 'ar.L2': 0.3772428738871899, 'ma.L1': 0.65491234115773, 'ma.L2': 0.4366362097341922, 'sigma2': 0.003310646807756367}",False,False,0,,,,,,,,,[],True,38,0,-1.436265564317895,,,"{'const': 0.00069392270176457, 'ar.L1': 0.2648996975451707, 'ar.L2': 0.3772428738871899, 'ma.L1': 0.65491234115773, 'ma.L2': 0.4366362097341922, 'sigma2': 0.003310646807756367}",True,True
2025-09-30 23:00:00+00:00,True,46,0,-1.4374659288018858,,,"{'const': 0.000504879794118787, 'ar.L1': 0.26510288613934174, 'ar.L2': 0.37746674457331986, 'ma.L1': 0.6548741426936324, 'ma.L2': 0.4364436967527784, 'sigma2': 0.00330272175892956}",False,False,0,,,,,,,,,[],True,46,0,-1.4374659288018858,,,"{'const': 0.000504879794118787, 'ar.L1': 0.26510288613934174, 'ar.L2': 0.37746674457331986, 'ma.L1': 0.6548741426936324, 'ma.L2': 0.4364436967527784, 'sigma2': 0.00330272175892956}",True,True
2025-10-07 23:00:00+00:00,True,35,0,-1.4386217769644019,,,"{'const': 0.0002631110559052832, 'ar.L1': 0.26543338378103626, 'ar.L2': 0.3779001183646996, 'ma.L1': 0.6548402091628168, 'ma.L2': 0.4360744811067473, 'sigma2': 0.0032953492787831666}",False,False,0,,,,,,,,,[],True,35,0,-1.4386217769644019,,,"{'const': 0.0002631110559052832, 'ar.L1': 0.26543338378103626, 'ar.L2': 0.3779001183646996, 'ma.L1': 0.6548402091628168, 'ma.L2': 0.4360744811067473, 'sigma2': 0.0032953492787831666}",True,True
2025-10-14 23:00:00+00:00,True,39,0,-1.4398074013739144,,,"{'const': 0.00017802767479865837, 'ar.L1': 0.2655813182254536, 'ar.L2': 0.377830564921903, 'ma.L1': 0.6546688713305722, 'ma.L2': 0.43599322013596603, 'sigma2': 0.0032873431574879635}",False,False,0,,,,,,,,,[],True,39,0,-1.4398074013739144,,,"{'const': 0.00017802767479865837, 'ar.L1': 0.2655813182254536, 'ar.L2': 0.377830564921903, 'ma.L1': 0.6546688713305722, 'ma.L2': 0.43599322013596603, 'sigma2': 0.0032873431574879635}",True,True
2025-10-21 23:00:00+00:00,True,45,0,-1.4408350716979674,,,"{'const': 6.63486998432928e-05, 'ar.L1': 0.2656220963565423, 'ar.L2': 0.3780256170911498, 'ma.L1': 0.654676096846974, 'ma.L2': 0.435588173572483, 'sigma2': 0.003280522015572299}",False,False,0,,,,,,,,,[],True,45,0,-1.4408350716979674,,,"{'const': 6.63486998432928e-05, 'ar.L1': 0.2656220963565423, 'ar.L2': 0.3780256170911498, 'ma.L1': 0.654676096846974, 'ma.L2': 0.435588173572483, 'sigma2': 0.003280522015572299}",True,True
2025-10-28 23:00:00+00:00,True,43,0,-1.4419744826008374,,,"{'const': 0.00011331316681612641, 'ar.L1': 0.2657554427899813, 'ar.L2': 0.3779523506377737, 'ma.L1': 0.6545041943840376, 'ma.L2': 0.43534801074150126, 'sigma2': 0.0032730885026886077}",False,False,0,,,,,,,,,[],True,43,0,-1.4419744826008374,,,"{'const': 0.00011331316681612641, 'ar.L1': 0.2657554427899813, 'ar.L2': 0.3779523506377737, 'ma.L1': 0.6545041943840376, 'ma.L2': 0.43534801074150126, 'sigma2': 0.0032730885026886077}",True,True
2025-11-04 23:00:00+00:00,True,48,0,-1.4431364662334685,,,"{'const': 0.00010577065243286854, 'ar.L1': 0.2657600036419814, 'ar.L2': 0.37793370228519285, 'ma.L1': 0.6545430283524364, 'ma.L2': 0.43524255615132446, 'sigma2': 0.003265470092091369}",False,False,0,,,,,,,,,[],True,48,0,-1.4431364662334685,,,"{'const': 0.00010577065243286854, 'ar.L1': 0.2657600036419814, 'ar.L2': 0.37793370228519285, 'ma.L1': 0.6545430283524364, 'ma.L2': 0.43524255615132446, 'sigma2': 0.003265470092091369}",True,True
2025-11-11 23:00:00+00:00,True,39,0,-1.4442871288553785,,,"{'const': 0.00012467859796691825, 'ar.L1': 0.26586582847734874, 'ar.L2': 0.3779204067276665, 'ma.L1': 0.65440115731064, 'ma.L2': 0.4349592022513708, 'sigma2': 0.003257954141636988}",False,False,0,,,,,,,,,[],True,39,0,-1.4442871288553785,,,"{'const': 0.00012467859796691825, 'ar.L1': 0.26586582847734874, 'ar.L2': 0.3779204067276665, 'ma.L1': 0.65440115731064, 'ma.L2': 0.4349592022513708, 'sigma2': 0.003257954141636988}",True,True
2025-11-18 23:00:00+00:00,True,41,0,-1.445352778821719,,,"{'const': 5.5894521444044015e-05, 'ar.L1': 0.26581141128371283, 'ar.L2': 0.3780403609647295, 'ma.L1': 0.6544514719506755, 'ma.L2': 0.4346162091116339, 'sigma2': 0.0032510228809294116}",False,False,0,,,,,,,,,[],True,41,0,-1.445352778821719,,,"{'const': 5.5894521444044015e-05, 'ar.L1': 0.26581141128371283, 'ar.L2': 0.3780403609647295, 'ma.L1': 0.6544514719506755, 'ma.L2': 0.4346162091116339, 'sigma2': 0.0032510228809294116}",True,True
2025-11-25 23:00:00+00:00,True,42,0,-1.4464261260934548,,,"{'const': 3.74116674343665e-05, 'ar.L1': 0.2658228221521179, 'ar.L2': 0.37814384244177146, 'ma.L1': 0.654358243336908, 'ma.L2': 0.43420495893317745, 'sigma2': 0.0032440410548340622}",False,False,0,,,,,,,,,[],True,42,0,-1.4464261260934548,,,"{'const': 3.74116674343665e-05, 'ar.L1': 0.2658228221521179, 'ar.L2': 0.37814384244177146, 'ma.L1': 0.654358243336908, 'ma.L2': 0.43420495893317745, 'sigma2': 0.0032440410548340622}",True,True
2025-12-02 23:00:00+00:00,True,44,0,-1.447502394388176,,,"{'const': 6.811215119540801e-05, 'ar.L1': 0.265942356630896, 'ar.L2': 0.3782119019318869, 'ma.L1': 0.6543612686248883, 'ma.L2': 0.4340250797061744, 'sigma2': 0.0032370649685077666}",False,False,0,,,,,,,,,[],True,44,0,-1.447502394388176,,,"{'const': 6.811215119540801e-05, 'ar.L1': 0.265942356630896, 'ar.L2': 0.3782119019318869, 'ma.L1': 0.6543612686248883, 'ma.L2': 0.4340250797061744, 'sigma2': 0.0032370649685077666}",True,True
2025-12-09 23:00:00+00:00,True,42,0,-1.448177748709479,,,"{'const': 0.00022350222524022414, 'ar.L1': 0.2659475941972812, 'ar.L2': 0.37851377783188844, 'ma.L1': 0.6542635267927132, 'ma.L2': 0.433185444392942, 'sigma2': 0.003232701019823329}",False,False,0,,,,,,,,,[],True,42,0,-1.448177748709479,,,"{'const': 0.00022350222524022414, 'ar.L1': 0.2659475941972812, 'ar.L2': 0.37851377783188844, 'ma.L1': 0.6542635267927132, 'ma.L2': 0.433185444392942, 'sigma2': 0.003232701019823329}",True,True
2025-12-16 23:00:00+00:00,True,35,0,-1.449404647171873,,,"{'const': 0.0002828264167996045, 'ar.L1': 0.2658855163306073, 'ar.L2': 0.3786101129354849, 'ma.L1': 0.6542992341407045, 'ma.L2': 0.4330146951180328, 'sigma2': 0.003225267745560539}",False,False,0,,,,,,,,,[],True,35,0,-1.449404647171873,,,"{'const': 0.0002828264167996045, 'ar.L1': 0.2658855163306073, 'ar.L2': 0.3786101129354849, 'ma.L1': 0.6542992341407045, 'ma.L2': 0.4330146951180328, 'sigma2': 0.003225267745560539}",True,True
2025-12-23 23:00:00+00:00,True,56,0,-1.4506120725515013,,,"{'const': 0.0001688438498245651, 'ar.L1': 0.2660476187330798, 'ar.L2': 0.37860818226087856, 'ma.L1': 0.6542239174958968, 'ma.L2': 0.4329105045818201, 'sigma2': 0.0032168065331080855}",False,False,0,,,,,,,,,[],True,56,0,-1.4506120725515013,,,"{'const': 0.0001688438498245651, 'ar.L1': 0.2660476187330798, 'ar.L2': 0.37860818226087856, 'ma.L1': 0.6542239174958968, 'ma.L2': 0.4329105045818201, 'sigma2': 0.0032168065331080855}",True,True
2025-12-30 23:00:00+00:00,True,39,0,-1.451560096087987,,,"{'const': -2.0019454493891062e-05, 'ar.L1': 0.26623634862249773, 'ar.L2': 0.37892512092777003, 'ma.L1': 0.6541494161569864, 'ma.L2': 0.4324544443757877, 'sigma2': 0.0032109822718681446}",False,False,0,,,,,,,,,[],True,39,0,-1.451560096087987,,,"{'const': -2.0019454493891062e-05, 'ar.L1': 0.26623634862249773, 'ar.L2': 0.37892512092777003, 'ma.L1': 0.6541494161569864, 'ma.L2': 0.4324544443757877, 'sigma2': 0.0032109822718681446}",True,True
2026-01-06 23:00:00+00:00,True,41,0,-1.4526121034055728,,,"{'const': 1.4245415330827037e-05, 'ar.L1': 0.2662416244636284, 'ar.L2': 0.37896765260871795, 'ma.L1': 0.6540528438140392, 'ma.L2': 0.43206075385420534, 'sigma2': 0.0032041745733054185}",False,False,0,,,,,,,,,[],True,41,0,-1.4526121034055728,,,"{'const': 1.4245415330827037e-05, 'ar.L1': 0.2662416244636284, 'ar.L2': 0.37896765260871795, 'ma.L1': 0.6540528438140392, 'ma.L2': 0.43206075385420534, 'sigma2': 0.0032041745733054185}",True,True
2026-01-13 23:00:00+00:00,True,35,0,-1.4535624008482282,,,"{'const': 0.00014652192292036265, 'ar.L1': 0.266366030359176, 'ar.L2': 0.3791480722013374, 'ma.L1': 0.6541219214437911, 'ma.L2': 0.4318361823326871, 'sigma2': 0.003198126198020903}",False,False,0,,,,,,,,,[],True,35,0,-1.4535624008482282,,,"{'const': 0.00014652192292036265, 'ar.L1': 0.266366030359176, 'ar.L2': 0.3791480722013374, 'ma.L1': 0.6541219214437911, 'ma.L2': 0.4318361823326871, 'sigma2': 0.003198126198020903}",True,True
2026-01-20 23:00:00+00:00,True,37,0,-1.4546969780434666,,,"{'const': 0.00010024306535767426, 'ar.L1': 0.26642439642174826, 'ar.L2': 0.37919139899772963, 'ma.L1': 0.6540551023351511, 'ma.L2': 0.43159164726871363, 'sigma2': 0.0031908229892898465}",False,False,0,,,,,,,,,[],True,37,0,-1.4546969780434666,,,"{'const': 0.00010024306535767426, 'ar.L1': 0.26642439642174826, 'ar.L2': 0.37919139899772963, 'ma.L1': 0.6540551023351511, 'ma.L2': 0.43159164726871363, 'sigma2': 0.0031908229892898465}",True,True
2026-01-27 23:00:00+00:00,True,48,0,-1.4548800563085322,,,"{'const': 0.0001326398678852703, 'ar.L1': 0.26642364097398696, 'ar.L2': 0.3793827901996245, 'ma.L1': 0.6529591377095199, 'ma.L2': 0.42985193710288416, 'sigma2': 0.003189744864855578}",False,False,0,,,,,,,,,[],True,48,0,-1.4548800563085322,,,"{'const': 0.0001326398678852703, 'ar.L1': 0.26642364097398696, 'ar.L2': 0.3793827901996245, 'ma.L1': 0.6529591377095199, 'ma.L2': 0.42985193710288416, 'sigma2': 0.003189744864855578}",True,True
2026-02-03 23:00:00+00:00,True,36,0,-1.4544343293506894,,,"{'const': 6.262141667470981e-05, 'ar.L1': 0.26593760658835, 'ar.L2': 0.3802436445128065, 'ma.L1': 0.6517997364474075, 'ma.L2': 0.42697241279546083, 'sigma2': 0.0031925510110429175}",False,False,0,,,,,,,,,[],True,36,0,-1.4544343293506894,,,"{'const': 6.262141667470981e-05, 'ar.L1': 0.26593760658835, 'ar.L2': 0.3802436445128065, 'ma.L1': 0.6517997364474075, 'ma.L2': 0.42697241279546083, 'sigma2': 0.0031925510110429175}",True,True
2026-02-10 23:00:00+00:00,True,43,0,-1.4550542520654082,,,"{'const': 4.6178196354241215e-06, 'ar.L1': 0.26568674269330383, 'ar.L2': 0.38055539440854047, 'ma.L1': 0.6516346012022823, 'ma.L2': 0.4259803809876704, 'sigma2': 0.0031885445762134044}",False,False,0,,,,,,,,,[],True,43,0,-1.4550542520654082,,,"{'const': 4.6178196354241215e-06, 'ar.L1': 0.26568674269330383, 'ar.L2': 0.38055539440854047, 'ma.L1': 0.6516346012022823, 'ma.L2': 0.4259803809876704, 'sigma2': 0.0031885445762134044}",True,True
2026-02-17 23:00:00+00:00,True,43,0,-1.4560237917234486,,,"{'const': 3.2407393498727394e-05, 'ar.L1': 0.26575087113093276, 'ar.L2': 0.3805154046637126, 'ma.L1': 0.6515613983609544, 'ma.L2': 0.4257327913165521, 'sigma2': 0.003182365961933136}",False,False,0,,,,,,,,,[],True,43,0,-1.4560237917234486,,,"{'const': 3.2407393498727394e-05, 'ar.L1': 0.26575087113093276, 'ar.L2': 0.3805154046637126, 'ma.L1': 0.6515613983609544, 'ma.L2': 0.4257327913165521, 'sigma2': 0.003182365961933136}",True,True
2026-02-24 23:00:00+00:00,True,46,0,-1.4569413792698898,,,"{'const': 0.0001311741764606325, 'ar.L1': 0.2659364211015051, 'ar.L2': 0.38071433231811486, 'ma.L1': 0.6515459210473435, 'ma.L2': 0.4253638895036228, 'sigma2': 0.003176530724570166}",False,False,0,,,,,,,,,[],True,46,0,-1.4569413792698898,,,"{'const': 0.0001311741764606325, 'ar.L1': 0.2659364211015051, 'ar.L2': 0.38071433231811486, 'ma.L1': 0.6515459210473435, 'ma.L2': 0.4253638895036228, 'sigma2': 0.003176530724570166}",True,True
2026-03-03 23:00:00+00:00,True,54,0,-1.4577877545283806,,,"{'const': 3.584927998200816e-05, 'ar.L1': 0.2661507532044469, 'ar.L2': 0.38088324290321196, 'ma.L1': 0.6515493578316118, 'ma.L2': 0.4250530952279521, 'sigma2': 0.0031711587474801003}",False,False,0,,,,,,,,,[],True,54,0,-1.4577877545283806,,,"{'const': 3.584927998200816e-05, 'ar.L1': 0.2661507532044469, 'ar.L2': 0.38088324290321196, 'ma.L1': 0.6515493578316118, 'ma.L2': 0.4250530952279521, 'sigma2': 0.0031711587474801003}",True,True
2026-03-10 23:00:00+00:00,True,43,0,-1.4587191379365287,,,"{'const': -4.021157703329721e-05, 'ar.L1': 0.26630544989140537, 'ar.L2': 0.38090848633945795, 'ma.L1': 0.6514657009478116, 'ma.L2': 0.4247978665054457, 'sigma2': 0.003165269807607254}",False,False,0,,,,,,,,,[],True,43,0,-1.4587191379365287,,,"{'const': -4.021157703329721e-05, 'ar.L1': 0.26630544989140537, 'ar.L2': 0.38090848633945795, 'ma.L1': 0.6514657009478116, 'ma.L2': 0.4247978665054457, 'sigma2': 0.003165269807607254}",True,True
2026-03-17 23:00:00+00:00,True,38,0,-1.4596797317432024,,,"{'const': 0.00010442395462336077, 'ar.L1': 0.26656885331279023, 'ar.L2': 0.38103641451494036, 'ma.L1': 0.651331542766647, 'ma.L2': 0.4245238893647681, 'sigma2': 0.003159191714573228}",False,False,0,,,,,,,,,[],True,38,0,-1.4596797317432024,,,"{'const': 0.00010442395462336077, 'ar.L1': 0.26656885331279023, 'ar.L2': 0.38103641451494036, 'ma.L1': 0.651331542766647, 'ma.L2': 0.4245238893647681, 'sigma2': 0.003159191714573228}",True,True
2026-03-24 23:00:00+00:00,True,42,0,-1.4604740570202024,,,"{'const': 0.00033898793231061723, 'ar.L1': 0.26709131800432295, 'ar.L2': 0.3816938605959152, 'ma.L1': 0.6513282836762189, 'ma.L2': 0.42398939545563785, 'sigma2': 0.0031540949652866038}",False,False,0,,,,,,,,,[],True,42,0,-1.4604740570202024,,,"{'const': 0.00033898793231061723, 'ar.L1': 0.26709131800432295, 'ar.L2': 0.3816938605959152, 'ma.L1': 0.6513282836762189, 'ma.L2': 0.42398939545563785, 'sigma2': 0.0031540949652866038}",True,True
2026-03-31 23:00:00+00:00,True,39,0,-1.461430649094919,,,"{'const': 0.0001678116515269672, 'ar.L1': 0.2673037849568385, 'ar.L2': 0.38211153896403166, 'ma.L1': 0.651335776363023, 'ma.L2': 0.4237364512711219, 'sigma2': 0.0031481556070064825}",False,False,0,,,,,,,,,[],True,39,0,-1.461430649094919,,,"{'const': 0.0001678116515269672, 'ar.L1': 0.2673037849568385, 'ar.L2': 0.38211153896403166, 'ma.L1': 0.651335776363023, 'ma.L2': 0.4237364512711219, 'sigma2': 0.0031481556070064825}",True,True
2026-04-07 23:00:00+00:00,True,37,0,-1.4623508370125546,,,"{'const': 2.9148562635478087e-05, 'ar.L1': 0.26755727954610337, 'ar.L2': 0.38204011854449715, 'ma.L1': 0.6512332286372209, 'ma.L2': 0.42357060544668834, 'sigma2': 0.0031424309232014826}",False,False,0,,,,,,,,,[],True,37,0,-1.4623508370125546,,,"{'const': 2.9148562635478087e-05, 'ar.L1': 0.26755727954610337, 'ar.L2': 0.38204011854449715, 'ma.L1': 0.6512332286372209, 'ma.L2': 0.42357060544668834, 'sigma2': 0.0031424309232014826}",True,True
2026-04-14 23:00:00+00:00,True,34,0,-1.4632979225941827,,,"{'const': 7.013234811752787e-05, 'ar.L1': 0.2678809613462534, 'ar.L2': 0.3818487815155227, 'ma.L1': 0.6510471453429216, 'ma.L2': 0.42352055163942015, 'sigma2': 0.0031364185095381996}",False,False,0,,,,,,,,,[],True,34,0,-1.4632979225941827,,,"{'const': 7.013234811752787e-05, 'ar.L1': 0.2678809613462534, 'ar.L2': 0.3818487815155227, 'ma.L1': 0.6510471453429216, 'ma.L2': 0.42352055163942015, 'sigma2': 0.0031364185095381996}",True,True
2026-04-21 23:00:00+00:00,True,40,0,-1.4642251382300464,,,"{'const': -2.047838401427997e-05, 'ar.L1': 0.2682281477461729, 'ar.L2': 0.3818687699283404, 'ma.L1': 0.650832848226803, 'ma.L2': 0.4233488001933613, 'sigma2': 0.0031306414001655855}",False,False,0,,,,,,,,,[],True,40,0,-1.4642251382300464,,,"{'const': -2.047838401427997e-05, 'ar.L1': 0.2682281477461729, 'ar.L2': 0.3818687699283404, 'ma.L1': 0.650832848226803, 'ma.L2': 0.4233488001933613, 'sigma2': 0.0031306414001655855}",True,True
2026-04-28 23:00:00+00:00,True,42,0,-1.4651952810496365,,,"{'const': -9.15153888493137e-05, 'ar.L1': 0.2684354889108602, 'ar.L2': 0.38185259685456036, 'ma.L1': 0.6508013650443633, 'ma.L2': 0.42327651319457693, 'sigma2': 0.0031245231412160733}",False,False,0,,,,,,,,,[],True,42,0,-1.4651952810496365,,,"{'const': -9.15153888493137e-05, 'ar.L1': 0.2684354889108602, 'ar.L2': 0.38185259685456036, 'ma.L1': 0.6508013650443633, 'ma.L2': 0.42327651319457693, 'sigma2': 0.0031245231412160733}",True,True
2026-05-05 23:00:00+00:00,True,34,0,-1.4661047891722496,,,"{'const': 3.438826415323502e-05, 'ar.L1': 0.268732236782161, 'ar.L2': 0.3818008029463887, 'ma.L1': 0.6506667006208577, 'ma.L2': 0.42310542813010604, 'sigma2': 0.0031188610432287805}",False,False,0,,,,,,,,,[],True,34,0,-1.4661047891722496,,,"{'const': 3.438826415323502e-05, 'ar.L1': 0.268732236782161, 'ar.L2': 0.3818008029463887, 'ma.L1': 0.6506667006208577, 'ma.L2': 0.42310542813010604, 'sigma2': 0.0031188610432287805}",True,True
2026-05-12 23:00:00+00:00,True,40,0,-1.4669210542988291,,,"{'const': 0.00014683313593387022, 'ar.L1': 0.26905469664911263, 'ar.L2': 0.3815149468496241, 'ma.L1': 0.6506116788948118, 'ma.L2': 0.42316974600965407, 'sigma2': 0.0031137080243321146}",False,False,0,,,,,,,,,[],True,40,0,-1.4669210542988291,,,"{'const': 0.00014683313593387022, 'ar.L1': 0.26905469664911263, 'ar.L2': 0.3815149468496241, 'ma.L1': 0.6506116788948118, 'ma.L2': 0.42316974600965407, 'sigma2': 0.0031137080243321146}",True,True
2026-05-19 23:00:00+00:00,True,39,0,-1.4678883476487792,,,"{'const': 0.00011479151446686846, 'ar.L1': 0.26928848724382715, 'ar.L2': 0.3814777902439349, 'ma.L1': 0.6505251281384989, 'ma.L2': 0.42309202649960587, 'sigma2': 0.0031077307000906573}",False,False,0,,,,,,,,,[],True,39,0,-1.4678883476487792,,,"{'const': 0.00011479151446686846, 'ar.L1': 0.26928848724382715, 'ar.L2': 0.3814777902439349, 'ma.L1': 0.6505251281384989, 'ma.L2': 0.42309202649960587, 'sigma2': 0.0031077307000906573}",True,True
2026-05-26 23:00:00+00:00,True,38,0,-1.4689213817134623,,,"{'const': 0.00018222276419307905, 'ar.L1': 0.26945204049409677, 'ar.L2': 0.38146859127026084, 'ma.L1': 0.6504973244547092, 'ma.L2': 0.4230577163373781, 'sigma2': 0.0031014229632678066}",False,False,0,,,,,,,,,[],True,38,0,-1.4689213817134623,,,"{'const': 0.00018222276419307905, 'ar.L1': 0.26945204049409677, 'ar.L2': 0.38146859127026084, 'ma.L1': 0.6504973244547092, 'ma.L2': 0.4230577163373781, 'sigma2': 0.0031014229632678066}",True,True
2026-06-02 23:00:00+00:00,True,43,0,-1.4698411938610438,,,"{'const': 0.0001276036340750263, 'ar.L1': 0.26992709439250895, 'ar.L2': 0.3816918899963513, 'ma.L1': 0.6502760378588925, 'ma.L2': 0.42275777346719773, 'sigma2': 0.0030956236326429845}",False,False,0,,,,,,,,,[],True,43,0,-1.4698411938610438,,,"{'const': 0.0001276036340750263, 'ar.L1': 0.26992709439250895, 'ar.L2': 0.3816918899963513, 'ma.L1': 0.6502760378588925, 'ma.L2': 0.42275777346719773, 'sigma2': 0.0030956236326429845}",True,True
2026-06-09 23:00:00+00:00,True,41,0,-1.470758073764085,,,"{'const': 0.0003426005495202564, 'ar.L1': 0.27030840350051233, 'ar.L2': 0.38204344974372656, 'ma.L1': 0.6501993758858776, 'ma.L2': 0.42248259095576324, 'sigma2': 0.003090027487420282}",False,False,0,,,,,,,,,[],True,41,0,-1.470758073764085,,,"{'const': 0.0003426005495202564, 'ar.L1': 0.27030840350051233, 'ar.L2': 0.38204344974372656, 'ma.L1': 0.6501993758858776, 'ma.L2': 0.42248259095576324, 'sigma2': 0.003090027487420282}",True,True
2026-06-16 23:00:00+00:00,True,47,0,-1.4716121675655875,,,"{'const': 0.0006476910745323096, 'ar.L1': 0.27081719140301846, 'ar.L2': 0.38272171544250616, 'ma.L1': 0.650203125120489, 'ma.L2': 0.4221029502006661, 'sigma2': 0.0030846898645483832}",False,False,0,,,,,,,,,[],True,47,0,-1.4716121675655875,,,"{'const': 0.0006476910745323096, 'ar.L1': 0.27081719140301846, 'ar.L2': 0.38272171544250616, 'ma.L1': 0.650203125120489, 'ma.L2': 0.4221029502006661, 'sigma2': 0.0030846898645483832}",True,True
2026-06-23 23:00:00+00:00,True,47,0,-1.4725387565706696,,,"{'const': 0.0003808617664020442, 'ar.L1': 0.27132101687423005, 'ar.L2': 0.38340247901935637, 'ma.L1': 0.6501248999787351, 'ma.L2': 0.421623593149991, 'sigma2': 0.003078905323642637}",False,False,0,,,,,,,,,[],True,47,0,-1.4725387565706696,,,"{'const': 0.0003808617664020442, 'ar.L1': 0.27132101687423005, 'ar.L2': 0.38340247901935637, 'ma.L1': 0.6501248999787351, 'ma.L2': 0.421623593149991, 'sigma2': 0.003078905323642637}",True,True
2026-06-30 23:00:00+00:00,True,47,0,-1.4736223892856792,,,"{'const': 0.0003570627883097722, 'ar.L1': 0.27136233255125364, 'ar.L2': 0.3834358872066213, 'ma.L1': 0.6500694604914238, 'ma.L2': 0.42143638735156025, 'sigma2': 0.0030723587141404034}",False,False,0,,,,,,,,,[],True,47,0,-1.4736223892856792,,,"{'const': 0.0003570627883097722, 'ar.L1': 0.27136233255125364, 'ar.L2': 0.3834358872066213, 'ma.L1': 0.6500694604914238, 'ma.L2': 0.42143638735156025, 'sigma2': 0.0030723587141404034}",True,True
2026-07-07 23:00:00+00:00,True,44,0,-1.4745680559894534,,,"{'const': 0.00043108313373692363, 'ar.L1': 0.27145336252214525, 'ar.L2': 0.3837698100624998, 'ma.L1': 0.6501075454308116, 'ma.L2': 0.4210879823950559, 'sigma2': 0.0030664690734508396}",False,False,0,,,,,,,,,[],True,44,0,-1.4745680559894534,,,"{'const': 0.00043108313373692363, 'ar.L1': 0.27145336252214525, 'ar.L2': 0.3837698100624998, 'ma.L1': 0.6501075454308116, 'ma.L2': 0.4210879823950559, 'sigma2': 0.0030664690734508396}",True,True
2026-07-14 23:00:00+00:00,True,53,0,-1.4754610550128735,,,"{'const': 0.0006790466851310746, 'ar.L1': 0.27170619671441887, 'ar.L2': 0.3842349847385547, 'ma.L1': 0.6501311756119361, 'ma.L2': 0.4206751704838596, 'sigma2': 0.0030610174200855116}",False,False,0,,,,,,,,,[],True,53,0,-1.4754610550128735,,,"{'const': 0.0006790466851310746, 'ar.L1': 0.27170619671441887, 'ar.L2': 0.3842349847385547, 'ma.L1': 0.6501311756119361, 'ma.L2': 0.4206751704838596, 'sigma2': 0.0030610174200855116}",True,True
2026-07-21 23:00:00+00:00,True,53,0,-1.476430924407552,,,"{'const': 0.0008521645497380722, 'ar.L1': 0.2718866674620623, 'ar.L2': 0.3846104081198068, 'ma.L1': 0.6501024299543317, 'ma.L2': 0.4203175910048551, 'sigma2': 0.003055086610061756}",False,False,0,,,,,,,,,[],True,53,0,-1.476430924407552,,,"{'const': 0.0008521645497380722, 'ar.L1': 0.2718866674620623, 'ar.L2': 0.3846104081198068, 'ma.L1': 0.6501024299543317, 'ma.L2': 0.4203175910048551, 'sigma2': 0.003055086610061756}",True,True
2026-07-28 23:00:00+00:00,True,49,0,-1.4773977195837038,,,"{'const': 0.0008712312137397915, 'ar.L1': 0.27194294671192376, 'ar.L2': 0.3846748116589286, 'ma.L1': 0.6500863013428387, 'ma.L2': 0.42005185073912304, 'sigma2': 0.0030492305026773438}",False,False,0,,,,,,,,,[],True,49,0,-1.4773977195837038,,,"{'const': 0.0008712312137397915, 'ar.L1': 0.27194294671192376, 'ar.L2': 0.3846748116589286, 'ma.L1': 0.6500863013428387, 'ma.L2': 0.42005185073912304, 'sigma2': 0.0030492305026773438}",True,True
2026-08-04 23:00:00+00:00,True,47,0,-1.4785202835700513,,,"{'const': 0.0009400081545074974, 'ar.L1': 0.27215894156909537, 'ar.L2': 0.38473116978370253, 'ma.L1': 0.6501838579437168, 'ma.L2': 0.41991278682931854, 'sigma2': 0.0030425208372565336}",False,False,0,,,,,,,,,[],True,47,0,-1.4785202835700513,,,"{'const': 0.0009400081545074974, 'ar.L1': 0.27215894156909537, 'ar.L2': 0.38473116978370253, 'ma.L1': 0.6501838579437168, 'ma.L2': 0.41991278682931854, 'sigma2': 0.0030425208372565336}",True,True
